{
  "as_of": "2026-01-10T16:52:49.367677+00:00",
  "currency": "USD",
  "today": 280.8,
  "last_7d": 24329.140000000007,
  "last_30d": 85403.57999999989,
  "last_90d": 484340.0500000028
}
